english,hebrew
abandon,לִנְטוֹשׁ
ability,יְכוֹלֶת
able,יכול
abortion,הפלה
about,על אודות
above,מֵעַל
abroad,מחוץ לארץ
absence,הֶעְדֵר
absolute,מוּחלָט
absolutely,בהחלט
absorb,לִסְפּוֹג
abuse,התעללות
academic,אקדמי
accept,לְקַבֵּל
access,גִישָׁה
accident,תְאוּנָה
accompany,ללוות
accomplish,לְהַשִׂיג
according,לפי
account,חֶשְׁבּוֹן
accurate,מְדוּיָק
accuse,לְהַאֲשִׁים
achieve,לְהַשִׂיג
achievement,הֶשֵׂג
acid,חוּמצָה
acknowledge,לְהוֹדוֹת
acquire,לִרְכּוֹשׁ
across,ברחבי
act,פעולה
action,פעולה
active,פָּעִיל
activist,פעיל
activity,פעילות
actor,שַׂחְקָן
actress,שַׂחְקָנִית
actual,מַמָשִׁי
actually,בעצם
ad,מוֹדָעָה
adapt,לְהִסְתָגֵל
add,לְהוֹסִיף
addition,חיבור
additional,נוֹסָף
address,כתובת
adequate,נאות
adjust,לְהַתְאִים
adjustment,התאמה
administration,מִנהָל
administrator,מנהל
admire,לְהִתְפַּעֵל
admission,הוֹדָאָה
admit,להתוודות
adolescent,מִתבַּגֵר
adopt,לְאַמֵץ
adult,מְבוּגָר
advance,לְקַדֵם
advanced,מִתקַדֵם
advantage,יתרון
adventure,הַרפַּתקָה
advertising,פִּרסוּם
advice,עֵצָה
advise,לייעץ עצה
adviser,יוֹעֵץ
advocate,עוֹרֵך דִין
affair,פָּרָשָׁה
affect,להשפיע
afford,לְהַרְשׁוֹת לְעַצמוֹ
afraid,חוֹשֵׁשׁ
African,אַפְרִיקַנִי
African-American,אפריקאי אמריקאי
after,לאחר
afternoon,אחרי הצהריים
again,שוב
against,מול
age,גיל
agency,סוֹכְנוּת
agenda,סֵדֶר הַיוֹם
agent,סוֹכֵן
aggressive,תוֹקפָּנִי
ago,לִפנֵי
agree,לְהַסכִּים
agreement,הֶסכֵּם
agricultural,חַקלָאִי
ah,אה
ahead,קָדִימָה
aid,סיוע
aide,עוֹזֵר
AIDS,איידס
aim,מַטָרָה
air,אוויר
aircraft,כְּלִי טַיִס
airline,חֶברַת תְעוּפָה
airport,שדה תעופה
album,אַלבּוֹם
alcohol,כּוֹהֶל
alive,בחיים
all,את כל
alliance,בְּרִית
allow,להתיר
ally,ברית
almost,כִּמעַט
alone,לבד
along,לְאוֹרֶך
already,כְּבָר
also,גַם
alter,לשנות
alternative,חֲלוּפָה
although,למרות ש
always,תמיד
AM,"ארה""ב"
amazing,מדהים
American,אֲמֶרִיקָאִי
among,בין
amount,כמות
analysis,אָנָלִיזָה
analyst,מְנַתֵחַ
analyze,לְנַתֵחַ
ancient,עָתִיק
and,ו
anger,כַּעַס
angle,זָוִית
angry,כּוֹעֵס
animal,בעל חיים
anniversary,יוֹם הַשָׁנָה
announce,להכריז
annual,שנתי
another,אַחֵר
answer,תשובה
anticipate,לְצַפּוֹת
anxiety,חֲרָדָה
any,כל
anybody,מִישֶׁהוּ
anymore,יותר
anyone,כֹּל אֶחָד
anything,כל דבר
anyway,בכל מקרה
anywhere,בְּכָל מָקוֹם
apart,מלבד
apartment,דִירָה
apparent,נִרְאֶה
apparently,ככל הנראה
appeal,עִרעוּר
appear,לְהוֹפִיעַ
appearance,מראה חיצוני
apple,תפוח עץ
application,יישום
apply,להגיש מועמדות
appoint,לְמַנוֹת
appointment,קביעת פגישה
appreciate,מעריך
approach,גִישָׁה
appropriate,מתאים
approval,הסכמה
approve,לְאַשֵׁר
approximately,בְּעֵרֶך
Arab,ערבי
architect,אַדְרִיכָל
area,אֵזוֹר
argue,לִטעוֹן
argument,טַעֲנָה
arise,לְהִתְעוֹרֵר
arm,זְרוֹעַ
armed,חָמוּשׁ
army,צָבָא
around,סְבִיב
arrange,לְאַרגֵן
arrangement,הֶסדֵר
arrest,מַעְצָר
arrival,הַגָעָה
arrive,לְהַגִיעַ
art,אומנות
article,מאמר
artist,אמן
artistic,אָמָנוּתִי
as,כפי ש
Asian,אסייתי
aside,בַּצַד
ask,לִשְׁאוֹל
asleep,יָשֵׁן
aspect,אספקט
assault,תקיפה
assert,לִטעוֹן
assess,לְהַעֲרִיך
assessment,הערכה
asset,נכס
assign,לְהַקְצוֹת
assignment,מְשִׁימָה
assist,לסייע
assistance,סִיוּעַ
assistant,עוֹזֵר
associate,חָבֵר
association,אִרגוּן
assume,לְהַנִיחַ
assumption,הנחה
assure,לְהַבטִיחַ
at,בְּ-
athlete,אַתלֵט
athletic,אַתלֵטִי
atmosphere,אַטמוֹספֵרָה
attach,לְצַרֵף
attack,לִתְקוֹף
attempt,לְנַסוֹת
attend,השתתף
attention,תשומת הלב
attitude,יַחַס
attorney,"עו""ד"
attract,לִמְשׁוֹך
attractive,מוֹשֵׁך
attribute,תְכוּנָה
audience,קהל
author,מְחַבֵּר
authority,רָשׁוּת
auto,אוטומטי
available,זמין
average,מְמוּצָע
avoid,לְהִמָנַע
award,פרס
aware,מוּדָע
awareness,מוּדָעוּת
away,רָחוֹק
awful,נורא
baby,תִינוֹק
back,חזור
background,רקע כללי
bad,רַע
badly,רע
bag,תיק
bake,לֶאֱפוֹת
balance,איזון
ball,כַּדוּר
ban,לֶאֱסוֹר
band,לְהִתְאַגֵד
bank,בַּנק
bar,בָּר
barely,בקושי
barrel,חָבִית
barrier,מַחסוֹם
base,בסיס
baseball,בייסבול
basic,בסיסי
basically,בעיקרון
basis,בָּסִיס
basket,סַל
basketball,כדורסל
bathroom,חדר אמבטיה
battery,סוֹלְלָה
battle,קרב
be,לִהיוֹת
beach,החוף
bean,אפונה
bear,דוב
beat,להיות ב
beautiful,יפה
beauty,יוֹפִי
because,כי
become,הפכו
bed,מיטה
bedroom,חדר שינה
beer,בירה
before,לפני
begin,התחל
beginning,התחלה
behavior,התנהגות
behind,מֵאָחוֹר
being,להיות
belief,אמונה
believe,לְהֶאֱמִין
bell,פַּעֲמוֹן
belong,שייך
below,לְהַלָן
belt,חֲגוֹרָה
bench,סַפְסָל
bend,לְכּוֹפֵף
beneath,תַחַת
benefit,תועלת
beside,לְיַד
besides,חוץ מזה
best,הטוב ביותר
bet,לְהַמֵר
better,טוב יותר
between,בֵּין
beyond,מעבר
Bible,כִּתבֵי הַקוֹדֶשׁ
big,גָדוֹל
bike,אופניים
bill,שטר כסף
billion,מיליארד
bind,לִקְשׁוֹר
biological,בִּיוֹלוֹגִי
bird,ציפור
birth,הוּלֶדֶת
birthday,יום הולדת
bit,קצת
bite,נְשִׁיכָה
black,שָׁחוֹר
blade,להב
blame,אשמה
blanket,שְׂמִיכָה
blind,סומא
block,לַחסוֹם
blood,דָם
blow,לנשוף
blue,כָּחוֹל
board,גלשן
boat,סִירָה
body,גוּף
bomb,פְּצָצָה
bombing,הַפצָצָה
bond,אגרת חוב
bone,עֶצֶם
book,סֵפֶר
boom,בּוּם
boot,מַגָף
border,גבול
born,נוֹלָד
borrow,לִלווֹת
boss,בּוֹס
both,שניהם
bother,לְהטרִיד
bottle,בקבוק
bottom,תַחתִית
boundary,גְבוּל
bowl,קְעָרָה
box,קופסא
boy,יֶלֶד
boyfriend,הֶחָבֵר
brain,מוֹחַ
branch,ענף
brand,מותג
bread,לחם
break,לשבור
breakfast,ארוחת בוקר
breast,שד
breath,נְשִׁימָה
breathe,לִנְשׁוֹם
brick,לְבֵנָה
bridge,לְגַשֵׁר
brief,קָצָר
briefly,בקצרה
bright,בָּהִיר
brilliant,מַברִיק
bring,לְהָבִיא
British,בריטי
broad,רָחָב
broken,שָׁבוּר
brother,אָח
brown,חום
brush,מִברֶשֶׁת
buck,דוֹלָר
budget,תַקצִיב
build,לִבנוֹת
building,בִּניָן
bullet,כַּדוּר
bunch,צְרוֹר
burden,נטל
burn,לשרוף
bury,לִקְבּוֹר
bus,אוֹטוֹבּוּס
business,עֵסֶק
busy,עסוק
but,אבל
butter,חמאה
button,לַחְצָן
buy,לִקְנוֹת
buyer,קוֹנֶה
by,על ידי
cabin,תָא
cabinet,קבינט
cable,כֶּבֶל
cake,עוגה
calculate,לחשב
call,שִׂיחָה
camera,מַצלֵמָה
camp,מַחֲנֶה
campaign,קמפיין
campus,קַמפּוּס
can,פחית
Canadian,קנדי
cancer,סרטן
candidate,מוּעֲמָד
cap,כובע
capability,יכולת
capable,בעל יכולת
capacity,קיבולת
capital,עיר בירה
captain,סֶרֶן
capture,לִלְכּוֹד
car,אוטו
carbon,פַּחמָן
card,כַּרְטִיס
care,לְטַפֵּל
career,קריירה
careful,זָהִיר
carefully,בקפידה
carrier,מוֹבִיל
carry,לשאת
case,מקרה
cash,כסף מזומן
cast,ללהק
cat,חתול
catch,לתפוס
category,קטגוריה
Catholic,קָתוֹלִי
cause,גורם
ceiling,תִקרָה
celebrate,לַחֲגוֹג
celebration,חֲגִיגָה
celebrity,סלבריטאי
cell,תָא
center,מֶרְכָּז
central,מֶרכָּזִי
century,מֵאָה
CEO,"מנכ""ל"
ceremony,טֶקֶס
certain,מסוים
certainly,בְּהֶחלֵט
chain,שַׁרשֶׁרֶת
chair,כִּסֵא
chairman,יושב ראש
challenge,אתגר
chamber,תָא
champion,אַלוּף
championship,אַלִיפוּת
chance,הִזדַמְנוּת
change,שינוי
changing,מִשְׁתַנֶה
channel,עָרוּץ
chapter,פֶּרֶק
character,אופי
characteristic,מאפיין
characterize,לאפיין
charge,לחייב
charity,צדקה
chart,תרשים
chase,מִרדָף
cheap,זוֹל
check,חשבון
cheek,לֶחִי
cheese,גבינה
chef,שֶׁף
chemical,כִּימִי
chest,חזה
chicken,עוף
chief,רֹאשׁ
child,יֶלֶד
childhood,יַלדוּת
Chinese,סִינִית
chip,שְׁבָב
chocolate,שוקולד
choice,בְּחִירָה
cholesterol,כולסטרול
choose,בחר
Christian,נוצרי
Christmas,חַג הַמוֹלָד
church,כְּנֵסִיָה
cigarette,סִיגַרִיָה
circle,מעגל
circumstance,נסיבות
cite,לְצַטֵט
citizen,אֶזרָח
city,עִיר
civil,אֶזרָחִי
civilian,אֶזרָחִי
claim,תְבִיעָה
class,מעמד
classic,קלַאסִי
classroom,כיתה
clean,לְנַקוֹת
clear,ברור
clearly,בְּבִירוּר
client,לָקוּחַ
climate,אַקלִים
climb,לְטַפֵּס
clinic,מרפאה
clinical,קליני
clock,שָׁעוֹן
close,סגור
closely,מקרוב
closer,יותר קרוב
clothes,בגדים
clothing,הַלבָּשָׁה
cloud,ענן
club,מוֹעֲדוֹן
clue,רֶמֶז
cluster,אֶשׁכּוֹל
coach,מְאַמֵן
coal,פֶּחָם
coalition,קוֹאָלִיצִיָה
coast,חוף
coat,מעיל
code,קוד
coffee,קפה
cognitive,קוגניטיבי
cold,קַר
collapse,הִתמוֹטְטוּת
colleague,עמית
collect,לאסוף
collection,אוסף
collective,קולקטיבי
college,מִכלָלָה
colonial,קוֹלוֹנִיאָלִי
color,צֶבַע
column,טור
combination,קוֹמבִּינַצִיָה
combine,לְשַׁלֵב
come,תבואו
comedy,קוֹמֶדִיָה
comfort,נוחות
comfortable,נוֹחַ
command,פקודה
commander,מְפַקֵד
comment,תגובה
commercial,מִסְחָרִי
commission,עמלה
commit,לְבַצֵעַ
commitment,מְחוּיָבוּת
committee,וַעֲדָה
common,מְשׁוּתָף
communicate,לתקשר
communication,תִקשׁוֹרֶת
community,קהילה
company,חֶברָה
compare,לְהַשְׁווֹת
comparison,השוואה
compete,להתחרות
competition,תַחֲרוּת
competitive,תַחֲרוּתִי
competitor,מתחרה
complain,לְהִתְלוֹנֵן
complaint,תְלוּנָה
complete,לְהַשְׁלִים
completely,לַחֲלוּטִין
complex,מורכב
complicated,מורכב
component,רְכִיב
compose,לְהַלחִין
composition,הרכב
comprehensive,מַקִיף
computer,מַחשֵׁב
concentrate,לְהִתְרַכֵּז
concentration,ריכוז
concept,מוּשָׂג
concern,דְאָגָה
concerned,מודאג
concert,קוֹנצֶרט
conclude,לְהַסִיק
conclusion,סיכום
concrete,בֵּטוֹן
condition,מַצָב
conduct,התנהגות
conference,וְעִידָה
confidence,אֵמוּן
confident,בטוח
confirm,לְאַשֵׁר
conflict,סְתִירָה
confront,לְהִתְעַמֵת
confusion,בִּלבּוּל
Congress,קוֹנגרֶס
congressional,קונגרס
connect,לְחַבֵּר
connection,חיבור
consciousness,תוֹדָעָה
consensus,קוֹנסֶנזוּס
consequence,תוֹצָאָה
conservative,שמרני
consider,לשקול
considerable,רַב
consideration,הִתחַשְׁבוּת
consist,לְהַכִיל
consistent,עִקבִי
constant,קָבוּעַ
constantly,תָמִיד
constitute,לְהַווֹת
constitutional,חוּקָתִי
construct,לִבנוֹת
construction,בְּנִיָה
consultant,יוֹעֵץ
consume,לִצְרוֹך
consumer,צרכן
consumption,צְרִיכָה
contact,איש קשר
contain,לְהַכִיל
container,מְכוֹלָה
contemporary,עַכשָׁוִי
content,תוֹכֶן
contest,תַחֲרוּת
context,הֶקשֵׁר
continue,לְהַמשִׁיך
continued,נמשך
contract,חוֹזֶה
contrast,בניגוד
contribute,לתרום
contribution,תְרוּמָה
control,לִשְׁלוֹט
controversial,שנוי במחלוקת
controversy,מַחֲלוֹקֶת
convention,אֲמָנָה
conventional,מוּסכָּם
conversation,שִׂיחָה
convert,להמיר
conviction,הַרשָׁעָה
convince,לְשַׁכְנֵעַ
cook,לְבַשֵׁל
cookie,עוגייה
cooking,בישול
cool,מגניב
cooperation,שיתוף פעולה
cop,שׁוֹטֵר
cope,להתמודד
copy,עותק
core,הליבה
corn,תירס
corner,פינה
corporate,תאגידי
corporation,תַאֲגִיד
correct,נכון
correspondent,כַתָב
cost,עֲלוּת
cotton,כותנה
couch,סַפָּה
could,הָיָה יָכוֹל
council,מועצה
counselor,יועץ
count,לספור
counter,דֶלְפֵּק
country,מדינה
county,מָחוֹז
couple,זוּג
courage,אומץ
course,קוּרס
court,בית משפט
cousin,בת דודה
cover,כיסוי
coverage,כיסוי
cow,פָּרָה
crack,סדק
craft,מְלָאכָה
crash,לְהִתְרַסֵק
crazy,מְטוּרָף
cream,קרם
create,לִיצוֹר
creation,יצירה
creative,יְצִירָתִי
creature,יְצוּר
credit,אַשׁרַאי
crew,צוות
crime,פֶּשַׁע
criminal,פְּלִילִי
crisis,מַשׁבֵּר
criteria,קריטריונים
critic,מְבַקֵר
critical,קריטי
criticism,ביקורת
criticize,לְבַקֵר
crop,יְבוּל
cross,לַחֲצוֹת
crowd,קָהָל
crucial,מַכרִיעַ
cry,בוכה
cultural,תַרְבּוּתִי
culture,תַרְבּוּת
cup,גָבִיעַ
curious,סקרן
current,נוֹכְחִי
currently,כַּיוֹם
curriculum,תכנית לימודים
custom,המותאם אישית
customer,צרכן
cut,גזירה
cycle,מחזור
dad,אַבָּא
daily,יום יומי
damage,נֵזֶק
dance,לִרְקוֹד
danger,סַכָּנָה
dangerous,מְסוּכָּן
dare,לְהַעֵז
dark,אפל
darkness,חוֹשֶׁך
data,נתונים
date,תַאֲרִיך
daughter,בַּת
day,יְוֹם
dead,מֵת
deal,עִסקָה
dealer,סוֹחֵר
dear,יָקָר
death,מוות
debate,עימות
debt,חוֹב
decade,עָשׂוֹר
decide,לְהַחלִיט
decision,הַחְלָטָה
deck,סִיפּוּן
declare,לְהַכרִיז
decline,יְרִידָה
decrease,לְהַקְטִין
deep,עָמוֹק
deeply,באופן מעמיק
deer,צְבִי
defeat,לִהַבִיס
defend,לְהַגֵן
defendant,נֶאְשָׁם
defense,הֲגָנָה
defensive,הֲגַנָתִי
deficit,גֵרָעוֹן
define,לְהַגדִיר
definitely,בהחלט
definition,הַגדָרָה
degree,תוֹאַר
delay,לְעַכֵּב
deliver,לִמְסוֹר
delivery,מְסִירָה
demand,דרש
democracy,דֵמוֹקרָטִיָה
Democrat,דֵמוֹקרָט
democratic,דֵמוֹקרָטִי
demonstrate,לְהַפְגִין
demonstration,הפגנה
deny,לְהַכּחִישׁ
department,מַחלָקָה
depend,לִסְמוֹך
dependent,תלוי
depending,תלוי
depict,לתאר
depression,דִכָּאוֹן
depth,עוֹמֶק
deputy,סְגָן
derive,לְהָפִיק
describe,לְתַאֵר
description,תיאור
desert,מִדבָּר
deserve,מגיע
design,לְעַצֵב
designer,מְעַצֵב
desire,רצון עז
desk,שׁוּלְחָן כְּתִיבָה
desperate,נוֹאָשׁ
despite,למרות
destroy,להרוס
destruction,הֶרֶס
detail,פרט
detailed,מְפוֹרָט
detect,לזהות
determine,לקבוע
develop,לְפַתֵחַ
developing,מתפתח
development,התפתחות
device,התקן
devote,להקדיש
dialogue,דו שיח
die,לָמוּת
diet,דִיאֵטָה
differ,לִהיוֹת שׁוֹנֶה
difference,הֶבדֵל
different,שונה
differently,באופן שונה
difficult,קָשֶׁה
difficulty,קושי
dig,לַחפּוֹר
digital,דִיגִיטָלי
dimension,מֵמַד
dining,אוכל
dinner,אֲרוּחַת עֶרֶב
direct,ישיר
direction,כיוון
directly,בצורה ישירה
director,מְנַהֵל
dirt,עפר
dirty,מְלוּכלָך
disability,נָכוּת
disagree,לא מסכים
disappear,לְהֵעָלֵם
disaster,אסון
discipline,משמעת
discourse,שִׂיחַ
discover,לְגַלוֹת
discovery,תַגלִית
discrimination,אַפלָיָה
discuss,לָדוּן
discussion,דִיוּן
disease,מַחֲלָה
dish,צַלַחַת
dismiss,לשחרר
disorder,הפרעה
display,לְהַצִיג
dispute,מַחֲלוֹקֶת
distance,מֶרְחָק
distant,רָחוֹק
distinct,מוּבהָק
distinction,הבחנה
distinguish,לְהַבחִין
distribute,לְהָפִיץ
distribution,הפצה
district,מָחוֹז
diverse,מְגוּוָן
diversity,מגוון
divide,לחלק
division,חֲלוּקָה
divorce,לְהִתְגַרֵשׁ
DNA,DNA
do,לַעֲשׂוֹת
doctor,דוֹקטוֹר
document,מסמך
dog,כֶּלֶב
domestic,בֵּיתִי
dominant,דוֹמִינָנטִי
dominate,לִשְׁלוֹט
door,דלת
double,לְהַכפִּיל
doubt,ספק
down,מטה
downtown,מרכז העיר
dozen,תְרֵיסַר
draft,טְיוּטָה
drag,לִגרוֹר
drama,דְרָמָה
dramatic,דְרָמָטִי
dramatically,באופן דרמטי
draw,לצייר
drawing,צִיוּר
dream,חולם
dress,שמלה
drink,לִשְׁתוֹת
drive,נהיגה
driver,נהג
drop,יְרִידָה
drug,תְרוּפָה
dry,יָבֵשׁ
due,נודע
during,בְּמַהֲלָך
dust,אָבָק
duty,חוֹבָה
each,כל אחד
eager,לָהוּט
ear,אֹזֶן
early,מוקדם
earn,להרוויח
earnings,רווחים
earth,כדור הארץ
ease,קַלוּת
easily,בְּקַלוּת
east,מזרח
eastern,מזרחי
easy,קַל
eat,לאכול
economic,כַּלְכָּלִי
economics,כלכלה
economist,כַּלכָּלָן
economy,כַּלְכָּלָה
edge,קָצֶה
edition,מַהֲדוּרָה
editor,עוֹרֵך
educate,לְחַנֵך
education,חינוך
educational,חינוכי
educator,מְחַנֵך
effect,השפעה
effective,יָעִיל
effectively,ביעילות
efficiency,יְעִילוּת
efficient,יָעִיל
effort,מַאֲמָץ
egg,ביצה
eight,שמונה
either,אוֹ
elderly,קשיש
elect,לבחור
election,בְּחִירָה
electric,חשמלי
electricity,חַשְׁמַל
electronic,אֶלֶקטרוֹנִי
element,אֵלֵמֶנט
elementary,יְסוֹדִי
eliminate,לְחַסֵל
elite,עִלִית
else,אַחֵר
elsewhere,בְּמָקוֹם אַחֵר
e-mail,אימייל
embrace,לְחַבֵּק
emerge,לָצֵאת
emergency,חירום
emission,פְּלִיטָה
emotion,רֶגֶשׁ
emotional,רִגשִׁי
emphasis,דָגֵשׁ
emphasize,להדגיש
employ,לְהַעֲסִיק
employee,עוֹבֵד
employer,מעסיק
employment,תעסוקה
empty,ריק
enable,לְאַפשֵׁר
encounter,פְּגִישָׁה
encourage,לְעוֹדֵד
end,סוֹף
enemy,אוֹיֵב
energy,אֵנֶרְגִיָה
enforcement,אַכִיפָה
engage,לחתור למגע
engine,מנוע
engineer,מהנדס
engineering,הַנדָסָה
English,אנגלית
enhance,להגביר
enjoy,תהנה
enormous,עֲנָקִי
enough,מספיק
ensure,לְהַבטִיחַ
enter,להיכנס
enterprise,מִפְעָל
entertainment,בידור
entire,שלם
entirely,לַחֲלוּטִין
entrance,כְּנִיסָה
entry,כְּנִיסָה
environment,סביבה
environmental,סְבִיבָתִי
episode,פרק
equal,שווה
equally,באופן שווה
equipment,צִיוּד
era,תְקוּפָה
error,שְׁגִיאָה
escape,בריחה
especially,במיוחד
essay,מַסָה
essential,חִיוּנִי
essentially,בעיקרון
establish,לְהַקִים
establishment,מוֹסָד
estate,נכס
estimate,לְהַעֲרִיך
etc,וכו
ethics,אֶתִיקָה
ethnic,אתני
European,אֵירוֹפִּי
evaluate,להעריך
evaluation,הַעֲרָכָה
even,אֲפִילוּ
evening,עֶרֶב
event,מִקרֶה
eventually,בסופו של דבר
ever,אֵיִ פַּעַם
every,כֹּל
everybody,כולם
everyday,כל יום
everyone,כל אחד
everything,הכל
everywhere,בכל מקום
evidence,עֵדוּת
evolution,אבולוציה
evolve,לְהִתְפַּתֵחַ
exact,מְדוּיָק
exactly,בְּדִיוּק
examination,בְּדִיקָה
examine,לִבחוֹן
example,דוגמא
exceed,עולה על
excellent,מְעוּלֶה
except,מלבד
exception,יוצא מן הכלל
exchange,לְהַחלִיף
exciting,מְרַגֵשׁ
executive,מְנַהֵל
exercise,תרגיל
exhibit,לְהַצִיג
exhibition,תערוכה
exist,קיימים
existence,קִיוּם
existing,קיים
expand,לְהַרְחִיב
expansion,הַרחָבָה
expect,לְצַפּוֹת
expectation,תוֹחֶלֶת
expense,הוֹצָאָה
expensive,יָקָר
experience,ניסיון
experiment,לְנַסוֹת
expert,מוּמחֶה
explain,להסביר
explanation,הֶסבֵּר
explode,לְהִתְפּוֹצֵץ
explore,לַחקוֹר
explosion,הִתְפּוֹצְצוּת
expose,לַחשׂוֹף
exposure,חשיפה
express,אֶקְסְפּרֶס
expression,ביטוי
extend,לְהַאֲרִיך
extension,סיומת
extensive,נִרחָב
extent,מידה
external,חיצוני
extra,תוֹסֶפֶת
extraordinary,יוצאת דופן
extreme,קיצוני
extremely,מְאוֹד
eye,עַיִן
fabric,בד
face,פָּנִים
facility,מִתקָן
fact,עוּבדָה
factor,גורם
factory,בית חרושת
faculty,סגל
fade,לִדעוֹך
fail,לְהִכָּשֵׁל
failure,כישלון
fair,יריד
fairly,לְמַדַי
faith,אֱמוּנָה
fall,נפילה
FALSE,שֶׁקֶר
familiar,מוּכָּר
family,מִשׁפָּחָה
famous,מפורסם
fan,אוהד
fantasy,פנטזיה
far,רָחוֹק
farm,חווה חקלאית
farmer,חַקלאַי
fashion,אופנה
fast,מָהִיר
fat,שמן
fate,גוֹרָל
father,אַבָּא
fault,אשמה
favor,טוֹבָה
favorite,אהוב
fear,פַּחַד
feature,תכונה
federal,פדרלי
fee,תַשְׁלוּם
feed,הזנה
feel,להרגיש
feeling,מַרגִישׁ
fellow,עָמִית
female,נְקֵבָה
fence,גָדֵר
few,מְעַטִים
fewer,פחות
fiber,סִיב
fiction,ספרות בדיונית
field,שדה
fifteen,חֲמֵשׁ עֶשׂרֵה
fifth,חמישי
fifty,חמישים
fight,מַאֲבָק
fighter,לוֹחֶם
fighting,לְחִימָה
figure,דמות
file,קוֹבֶץ
fill,למלא
film,סרט צילום
final,סופי
finally,סוף כל סוף
finance,לְמַמֵן
financial,כַּספִּי
find,למצוא
finding,מִמצָא
fine,בסדר גמור
finger,אֶצבַּע
finish,סיים
fire,אֵשׁ
firm,מוּצָק
first,ראשון
fish,דג
fishing,דיג
fit,לְהַתְאִים
fitness,כושר
five,חָמֵשׁ
fix,לתקן
flag,דֶגֶל
flame,לֶהָבָה
flat,שָׁטוּחַ
flavor,טעם
flee,לברוח
flesh,בשר
flight,טִיסָה
float,לָצוּף
floor,קוֹמָה
flow,זְרִימָה
flower,פֶּרַח
fly,"לטוס, זבוב"
focus,מוֹקֵד
folk,אֲנָשִׁים
follow,לעקוב אחר
following,הבא
food,מזון
foot,כף רגל
football,כדורגל
for,ל
force,כּוֹחַ
foreign,זָר
forest,יַעַר
forever,לָנֶצַח
forget,לשכוח
form,טופס
formal,רִשְׁמִי
formation,היווצרות
former,לְשֶׁעָבַר
formula,נוּסחָה
forth,הָלְאָה
fortune,הון עתק
forward,קָדִימָה
found,מצאתי
foundation,קרן
founder,מייסד
four,ארבע
fourth,רביעי
frame,מִסגֶרֶת
framework,מִסגֶרֶת
free,חינם
freedom,חוֹפֶשׁ
freeze,הַקפָּאָה
French,צָרְפָתִית
frequency,תדירות
frequent,תָכוּף
frequently,בתדירות גבוהה
fresh,טָרִי
friend,חבר
friendly,יְדִידוּתִי
friendship,חֲבֵרוּת
from,מ
front,חֲזִית
fruit,פרי
frustration,תסכול
fuel,דלק
full,מלא
fully,לְגַמרֵי
fun,כֵּיף
function,פוּנקצִיָה
fund,קֶרֶן
fundamental,בסיסי
funding,מימון
funeral,הַלוָיָה
funny,מצחיק
furniture,רְהִיטִים
furthermore,יתר על כן
future,עתיד
gain,לְהַשִׂיג
galaxy,גָלַקסִיָה
gallery,גלריה
game,מִשְׂחָק
gang,כְּנוּפִיָה
gap,פער
garage,מוּסָך
garden,גן
garlic,שום
gas,גַז
gate,שַׁעַר
gather,לאסוף
gay,הומו
gaze,מַבָּט
gear,גלגל שיניים
gender,מִין
gene,גֵן
general,כללי
generally,בדרך כלל
generate,לִיצוֹר
generation,דוֹר
genetic,גֵנֵטִי
gentleman,ג'ֶנטֶלמֶן
gently,בעדינות
German,גֶרמָנִיָת
gesture,מחווה
get,לקבל
ghost,רוּחַ
giant,עֲנָק
gift,מתנה
gifted,מוּכשָׁר
girl,ילדה
girlfriend,חֲבֵרָה
give,לָתֵת
given,נָתוּן
glad,שַׂמֵחַ
glance,מַבָּט
glass,זכוכית
global,גלוֹבָּלִי
glove,כְּפָפָה
go,ללכת
goal,מטרה
God,אלוהים
gold,זהב
golden,זָהוּב
golf,גוֹלף
good,טוֹב
government,מֶמְשָׁלָה
governor,מוֹשֵׁל
grab,לִתְפּוֹס
grade,כיתה
gradually,באופן הדרגתי
graduate,בוגר
grain,תְבוּאָה
grand,גָדוֹל
grandfather,סָבָּא
grandmother,סַבתָא
grant,מענק
grass,דֶשֶׁא
grave,קבר
gray,אפור
great,גדול
greatest,הגדול ביותר
green,ירוק
grocery,מַכּוֹלֶת
ground,"קרקע, אדמה"
group,קְבוּצָה
grow,לגדול
growing,גָדֵל
growth,צְמִיחָה
guarantee,להבטיח
guard,שומר
guess,לְנַחֵשׁ
guest,אוֹרֵחַ
guide,להנחות
guideline,קַו מַנחֶה
guilty,אָשֵׁם
gun,אֶקְדָח
guy,בָּחוּר
habit,הֶרגֵל
habitat,בית גידול
hair,שיער
half,חֲצִי
hall,אולם
hand,יד
handful,קוֹמֶץ
handle,ידית
hang,לִתְלוֹת
happen,לִקְרוֹת
happy,שַׂמֵחַ
hard,קָשֶׁה
hardly,בְּקוֹשִׁי
hat,כּוֹבַע
hate,שִׂנאָה
have,יש
he,הוא
head,רֹאשׁ
headline,כּוֹתֶרֶת
headquarters,מַטֶה
health,בְּרִיאוּת
healthy,בָּרִיא
hear,לִשְׁמוֹעַ
hearing,שמיעה
heart,לֵב
heat,חוֹם
heaven,גן העדן
heavily,בִּכְבֵדוּת
heavy,כָּבֵד
heel,עָקֵב
height,גוֹבַה
helicopter,מַסוֹק
hell,גֵיהִנוֹם
hello,שלום
help,עֶזרָה
helpful,מוֹעִיל
her,שֶׁלָה
here,פה
heritage,מוֹרֶשֶׁת
hero,גיבור
herself,עַצמָה
hey,היי
hi,היי
hide,להתחבא
high,גָבוֹהַ
highlight,שִׂיא
highly,מְאוֹד
highway,כביש מהיר
hill,גִבעָה
him,אוֹתוֹ
himself,עַצמוֹ
hip,ירך
hire,לִשְׂכּוֹר
his,שֶׁלוֹ
historian,הִיסטוֹרִיוֹן
historic,הִיסטוֹרִי
historical,הִיסטוֹרִי
history,הִיסטוֹרִיָה
hit,מכה
hold,לְהַחזִיק
hole,חור
holiday,חַג
holy,קָדוֹשׁ
home,בית
homeless,חֲסַר בַּיִת
honest,יָשָׁר
honey,דבש
honor,כָּבוֹד
hope,לְקַווֹת
horizon,אופק
horror,חֲרָדָה
horse,סוּס
hospital,בית חולים
host,מנחה
hot,חַם
hotel,מלון
hour,שָׁעָה
house,בַּיִת
household,בית
housing,דיור
how,אֵיך
however,למרות זאת
huge,עָצוּם
human,בן אנוש
humor,הוּמוֹר
hundred,מֵאָה
hungry,רעב
hunter,צַיָד
hunting,ציד
hurt,כאב
husband,בַּעַל
hypothesis,הַשׁעָרָה
I,אני
ice,קרח
idea,רַעְיוֹן
ideal,אִידֵאָלִי
identification,זיהוי
identify,לזהות
identity,זהות
ie,כְּלוֹמַר
if,אם
ignore,להתעלם
ill,חולה
illegal,בִּלתִי חוּקִי
illness,מחלה
illustrate,להמחיש
image,תמונה
imagination,דִמיוֹן
imagine,לדמיין
immediate,מִיָדִי
immediately,מיד
immigrant,מְהַגֵר
immigration,עלייה
impact,פְּגִיעָה
implement,ליישם
implication,מַשְׁמָעוּת
imply,לִרְמוֹז
importance,חֲשִׁיבוּת
important,חָשׁוּב
impose,לֶאֱכוֹף
impossible,בלתי אפשרי
impress,לְהַרְשִׁים
impression,רוֹשֶׁם
impressive,מרשימים
improve,לְשַׁפֵּר
improvement,הַשׁבָּחָה
in,ב
incentive,תַמרִיץ
incident,תַקרִית
include,לִכלוֹל
including,לְרַבּוֹת
income,הַכנָסָה
incorporate,"בע""מ"
increase,להגביר
increased,מוּגדָל
increasing,גָדֵל
increasingly,יותר ויותר
incredible,מדהים
indeed,אכן
independence,עצמאות
independent,עצמאי
index,אינדקס
Indian,הוֹדִי
indicate,מצביע
indication,סִימָן
individual,אִישִׁי
industrial,תַעֲשִׂיָתִי
industry,תַעֲשִׂיָה
infant,תִינוֹק
infection,הַדבָּקָה
inflation,אִינפלַצִיָה
influence,לְהַשְׁפִּיעַ
inform,לדווח
information,מֵידָע
ingredient,מַרכִּיב
initial,התחלתי
initially,בהתחלה
initiative,יוזמה
injury,פציעה
inner,פְּנִימִי
innocent,תמים
inquiry,חֲקִירָה
inside,בְּתוֹך
insight,תוֹבָנָה
insist,מתעקש
inspire,השראה
install,להתקין
instance,למשל
instead,במקום זאת
institution,מוֹסָד
institutional,מוסדי
instruction,הוראה
instructor,מַדְרִיך
instrument,כלי
insurance,ביטוח
intellectual,אִינטֶלֶקְטוּאַלִי
intelligence,אינטליגנציה
intend,כוונה
intense,אִינטֶנסִיבִי
intensity,עָצמָה
intention,מַטָרָה
interaction,אינטראקציה
interest,ריבית
interested,מעוניין
interesting,מעניין
internal,פְּנִימִי
international,בינלאומי
Internet,מרשתת
interpret,לפרש
interpretation,פרשנות
intervention,התערבות
interview,רֵאָיוֹן
into,לְתוֹך
introduce,הצג
introduction,מבוא
invasion,פְּלִישָׁה
invest,להשקיע
investigate,לַחקוֹר
investigation,חֲקִירָה
investigator,חוֹקֵר
investment,הַשׁקָעָה
investor,משקיע
invite,להזמין
involve,כרוך
involved,מְעוּרָב
involvement,מְעוֹרָבוּת
Iraqi,עִירַאקִי
Irish,אִירִית
iron,בַּרזֶל
Islamic,אסלאמי
island,אִי
Israeli,יִשׂרְאֵלִי
issue,נושא
it,זה
Italian,אִיטַלְקִית
item,פריט
its,שֶׁלָה
itself,עצמו
jacket,ז'ָקֵט
jail,כלא
Japanese,יַפָּנִית
jet,מטוס סילון
Jew,יְהוּדִי
Jewish,יהודי
job,עבודה
join,לְהִצְטַרֵף
joint,משותף
joke,בדיחה
journal,כתב עת
journalist,עִתוֹנָאִי
journey,מסע
joy,שִׂמְחָה
judge,לִשְׁפּוֹט
judgment,פְּסַק דִין
juice,מיץ
jump,קְפִיצָה
junior,זוּטָר
jury,חֶבֶר מוּשׁבַּעִים
just,רַק
justice,צֶדֶק
justify,לְהַצְדִיק
keep,לִשְׁמוֹר
key,מַפְתֵחַ
kick,בְּעִיטָה
kid,יֶלֶד
kill,לַהֲרוֹג
killer,רוֹצֵחַ
killing,הֶרֶג
kind,סוג
king,מלך
kiss,נְשִׁיקָה
kitchen,מִטְבָּח
knee,הברך
knife,סַכִּין
knock,נְקִישָׁה
know,לָדַעַת
knowledge,יֶדַע
lab,מַעבָּדָה
label,תווית
labor,עבודה
laboratory,מַעבָּדָה
lack,חוֹסֶר
lady,גברת
lake,אֲגַם
land,ארץ
landscape,נוֹף
language,שפה
lap,הקפה
large,גָדוֹל
largely,בעיקר
last,אחרון
late,מאוחר
later,מאוחר יותר
Latin,לָטִינִית
latter,אַחֲרוֹן
laugh,לִצְחוֹק
launch,לְהַשִׁיק
law,חוֹק
lawn,דֶשֶׁא
lawsuit,תביעה משפטית
lawyer,עורך דין
lay,לְהַנִיחַ
layer,שִׁכבָה
lead,עוֹפֶרֶת
leader,מַנהִיג
leadership,מַנהִיגוּת
leading,מוֹבִיל
leaf,עלה
league,לִיגָה
lean,רָזֶה
learn,לִלמוֹד
learning,לְמִידָה
least,הכי פחות
leather,עוֹר
leave,לעזוב
left,שמאלה
leg,רגל
legacy,מוֹרֶשֶׁת
legal,משפטי
legend,אגדה
legislation,חֲקִיקָה
legitimate,לֵגִיטִימִי
lemon,לימון
length,אורך
less,פָּחוּת
lesson,שיעור
let,תן
letter,מִכְתָב
level,רָמָה
liberal,לִיבֵּרָלִי
library,סִפְרִיָה
license,רישיון
lie,שקר
life,חַיִים
lifestyle,סגנון חיים
lifetime,לכל החיים
lift,מעלית
light,אוֹר
like,כמו
likely,סָבִיר
limit,לְהַגבִּיל
limitation,הַגבָּלָה
limited,מוגבל
line,קַו
link,קישור
lip,שָׂפָה
list,רשימה
listen,להקשיב
literally,פשוטו כמשמעו
literary,סִפְרוּתִי
literature,סִפְרוּת
little,קטן
live,לחיות
living,חַי
load,לִטעוֹן
loan,לְהַלווֹת
local,מְקוֹמִי
locate,לְאַתֵר
location,מקום
lock,לנעול
long,ארוך
long-term,טווח ארוך
look,תראה
loose,מְשׁוּחרָר
lose,לאבד
loss,הֶפסֵד
lost,אָבֵד
lot,מִגרָשׁ
lots,הרבה
loud,בְּקוֹל רָם
love,אהבה
lovely,חביב
lover,מְאַהֵב
low,נָמוּך
lower,נמוך יותר
luck,מַזָל
lucky,בַּר מַזָל
lunch,ארוחת צהריים
lung,ריאה
machine,מְכוֹנָה
mad,מְטוּרָף
magazine,מגזין
mail,דוֹאַר
main,רָאשִׁי
mainly,בעיקר
maintain,לְתַחְזֵק
maintenance,תחזוקה
major,גדול
majority,רוֹב
make,עשה
maker,יַצרָן
makeup,תפצה
male,זָכָר
mall,קֶנִיוֹן
man,איש
manage,לנהל
management,הַנהָלָה
manager,מנהל
manner,דֶרֶך
manufacturer,יַצרָן
manufacturing,ייצור
many,רב
map,מַפָּה
margin,שולים
mark,סימן
market,שׁוּק
marketing,שיווק
marriage,נישואים
married,נָשׂוּי
marry,לְהִתְחַתֵן
mask,מסכה
mass,מסה
massive,מַסִיבִי
master,לִשְׁלוֹט
match,התאמה
material,חוֹמֶר
math,מתמטיקה
matter,חוֹמֶר
may,מאי
maybe,אולי
mayor,ראש העיר
me,לִי
meal,ארוחה
mean,מתכוון
meaning,מַשְׁמָעוּת
meanwhile,בינתיים
measure,מידה
measurement,מדידה
meat,בָּשָׂר
mechanism,מַנגָנוֹן
media,כְּלֵי תִקְשׁוֹרֶת
medical,רְפוּאִי
medication,תרופות
medicine,תרופה
medium,בינוני
meet,לִפְגוֹשׁ
meeting,פְּגִישָׁה
member,חבר
membership,חֲבֵרוּת
memory,זיכרון
mental,נַפשִׁי
mention,אִזְכּוּר
menu,תַפרִיט
mere,סְתָם
merely,רק
mess,אי סדר
message,הוֹדָעָה
metal,מַתֶכֶת
meter,מטר
method,שיטה
Mexican,מֶקסִיקָני
middle,אֶמצַע
might,אולי
military,צבאי
milk,חלב
million,מִילִיוֹן
mind,אכפת
mine,שלי
minister,שר בממשלה
minor,קַטִין
minority,מיעוט
minute,דַקָה
miracle,נֵס
mirror,מַרְאָה
miss,עלמה
missile,טִיל
mission,משימה
mistake,טעות
mix,לְעַרְבֵּב
mixture,תַעֲרוֹבֶת
mm-hmm,"מ""מ-ממץ"
mode,מצב
model,דֶגֶם
moderate,לְמַתֵן
modern,מוֹדֶרנִי
modest,צָנוּעַ
mom,אִמָא
moment,רֶגַע
money,כֶּסֶף
monitor,צג
month,חוֹדֶשׁ
mood,מַצַב רוּחַ
moon,ירח
moral,מוסר השכל
more,יותר
moreover,יתר על כך
morning,בוקר
mortgage,משכנתא
most,רוב
mostly,בעיקר
mother,אִמָא
motion,תְנוּעָה
motivation,מוֹטִיבָצִיָה
motor,מָנוֹעַ
mount,הר
mountain,הַר
mouse,עכבר
mouth,פֶּה
move,מהלך \ לזוז \ לעבור
movement,תְנוּעָה
movie,סרט
Mr,אדון
Mrs,גברת
Ms,גברת
much,הַרבֵּה
multiple,מרובות
murder,רֶצַח
muscle,שְׁרִיר
museum,מוּזֵיאוֹן
music,מוּסִיקָה
musical,מוּסִיקָלִי
musician,מוּסִיקָאִי
Muslim,מוסלמי
must,צריך
mutual,הֲדָדִי
my,שֶׁלִי
myself,עצמי
mystery,מִסתוֹרִין
myth,מִיתוֹס
naked,עֵירוֹם
name,שֵׁם
narrative,נרטיב
narrow,לְצַמְצֵם
nation,אוּמָה
national,לאומי
native,יָלִיד
natural,טִבעִי
naturally,באופן טבעי
nature,טֶבַע
near,ליד
nearby,סָמוּך
nearly,כמעט
necessarily,בהכרח
necessary,נחוץ
neck,צוואר
need,צוֹרֶך
negative,שלילי
negotiate,לָשֵׂאת וְלָתֵת
negotiation,מַשָׂא וּמַתָן
neighbor,שָׁכֵן
neighborhood,שְׁכוּנָה
neither,לא זה ולא זה
nerve,עָצָב
nervous,עַצבָּנִי
net,נֶטוֹ
network,רֶשֶׁת
never,לעולם לא
nevertheless,על כל פנים
new,חָדָשׁ
newly,חדש
news,חֲדָשׁוֹת
newspaper,עיתון
next,הַבָּא
nice,נֶחְמָד
night,לַיְלָה
nine,תֵשַׁע
no,לא
nobody,אף אחד
nod,מָנוֹד רֹאשׁ
noise,רַעַשׁ
nomination,הְתמַנוּת
none,אף אחד
nonetheless,בְּכָל זֹאת
nor,ולא
normal,נוֹרמָלִי
normally,בדרך כלל
north,צָפוֹן
northern,צְפוֹנִי
nose,אף
not,לֹא
note,פתק
nothing,שום דבר
notice,הודעה
notion,רעיון
novel,רוֹמָן
now,עַכשָׁיו
nowhere,לְשׁוּם מָקוֹם
n't,לא
nuclear,גַרעִינִי
number,מספר
numerous,רַבִּים
nurse,אָחוֹת
nut,אגוז
object,לְהִתְנַגֵד
objective,מַטָרָה
obligation,חוֹבָה
observation,תַצְפִּית
observe,לצפות
observer,מַשׁקִיף
obtain,לְהַשִׂיג
obvious,מובן מאליו
obviously,מובן מאליו
occasion,הִזדַמְנוּת
occasionally,לִפְעָמִים
occupation,כיבוש
occupy,לִכבּוֹשׁ
occur,מתרחש
ocean,אוקיינוס
odd,מוזר
odds,קְטָטָה
of,שֶׁל
off,כבוי
offense,עבירה
offensive,הֶתקֵפִי
offer,הַצָעָה
office,מִשׂרָד
officer,קָצִין
official,רשמי
often,לעתים קרובות
oh,אה
oil,שמן
ok,בסדר
okay,בסדר
old,ישן
Olympic,אוֹלִימְפִּי
on,עַל
once,פַּעַם
one,אחד
ongoing,מתמשך
onion,בצל
online,באינטרנט
only,רק
onto,עַל גַבֵּי
open,לִפְתוֹחַ
opening,פְּתִיחָה
operate,לְהַפְעִיל
operating,הפעלה
operation,פעולה
operator,מַפעִיל
opinion,דעה
opponent,יָרִיב
opportunity,הִזדַמְנוּת
oppose,לְהִתְנַגֵד
opposite,מול
opposition,הִתנַגְדוּת
option,אוֹפְּצִיָה
or,אוֹ
orange,תפוז
order,להזמין
ordinary,רגיל
organic,אורגני
organization,אִרגוּן
organize,לְאַרגֵן
orientation,נטייה
origin,מָקוֹר
original,מְקוֹרִי
originally,בְּמָקוֹר
other,אַחֵר
others,אחרים
otherwise,אחרת
ought,צריך
our,שֶׁלָנוּ
ourselves,בְּעָצמֵנוּ
out,הַחוּצָה
outcome,תוֹצָאָה
outside,בחוץ
oven,תנור
over,על
overall,באופן כללי
overcome,לְהִתְגַבֵּר
overlook,לְהִתְעַלֵם
owe,חייב
own,שֶׁלוֹ
owner,בעלים
pace,לִפְסוֹעַ
pack,חבילה
package,חֲבִילָה
page,עמוד
pain,כְּאֵב
painful,כּוֹאֵב
paint,צֶבַע
painter,צייר
painting,צִיוּר
pair,זוג
pale,חיוור
Palestinian,פַּלֶשְׂתִינַאִי
palm,כַּף הַיָד
pan,מחבת
panel,לוּחַ
pant,להתנשף
paper,עיתון
parent,הוֹרֶה
park,פָּארק
parking,חֲנָיָה
part,חֵלֶק
participant,מִשׁתַתֵף
participate,לְהִשְׂתַתֵף
participation,הִשׁתַתְפוּת
particular,מיוחד
particularly,בִּמְיוּחָד
partly,חֶלקִית
partner,בת זוג
partnership,שׁוּתָפוּת
party,מפלגה
pass,לַעֲבוֹר
passage,מַעֲבָר
passenger,נוֹסֵעַ
passion,תשוקה
past,עבר
patch,תיקון
path,נָתִיב
patient,סבלני
pattern,תבנית
pause,הַפסָקָה
pay,לְשַׁלֵם
payment,תַשְׁלוּם
PC,מחשב
peace,שָׁלוֹם
peak,שִׂיא
peer,עמית
penalty,עוֹנֶשׁ
people,אֲנָשִׁים
pepper,פלפל
per,לְכָל
perceive,לִתְפּוֹס
percentage,אֲחוּזִים
perception,תפיסה
perfect,מושלם
perfectly,בצורה מושלמת
perform,לְבַצֵעַ
performance,ביצועים
perhaps,אוּלַי
period,פרק זמן
permanent,קבוע
permission,רְשׁוּת
permit,לְהַתִיר
person,אדם
personal,אישי
personality,אִישִׁיוּת
personally,באופן אישי
personnel,כוח אדם
perspective,נקודת מבט
persuade,לְשַׁכְנֵעַ
pet,חיית מחמד
phase,שלב
phenomenon,תופעה
philosophy,פִילוֹסוֹפִיָה
phone,מכשיר טלפון
photo,תמונה
photograph,תַצלוּם
photographer,צַלָם
phrase,מִשׁפָּט
physical,גוּפָנִי
physically,פיזית
physician,רוֹפֵא
piano,פְּסַנְתֵר
pick,לִבחוֹר
picture,תְמוּנָה
pie,פַּאִי
piece,לְחַבֵּר
pile,עֲרֵמָה
pilot,טַיָס
pine,אורן
pink,וָרוֹד
pipe,צינור
pitch,גובה הצליל
place,מקום
plan,לְתַכְנֵן
plane,מָטוֹס
planet,כוכב לכת
planning,תִכנוּן
plant,צמח
plastic,פלסטי
plate,צַלַחַת
platform,פּלַטפוֹרמָה
play,לְשַׂחֵק
player,שחקן
please,אנא
pleasure,הנאה
plenty,שפע
plot,עלילה
plus,ועוד
PM,אחר הצהריים
pocket,כִּיס
poem,שִׁיר
poet,מְשׁוֹרֵר
poetry,שִׁירָה
point,נְקוּדָה
pole,מוֹט
police,מִשׁטָרָה
policy,מְדִינִיוּת
political,פּוֹלִיטִי
politically,פוליטית
politician,פּוֹלִיטִיקָאִי
politics,פּוֹלִיטִיקָה
poll,מִשׁאָל
pollution,זיהום
pool,בריכה
poor,עני
pop,פּוֹפּ
popular,פופולרי
population,אוּכְלוֹסִיָה
porch,מִרפֶּסֶת
port,נמל
portion,חֵלֶק
portrait,דְיוֹקָן
portray,לתאר
pose,פּוֹזָה
position,עמדה
positive,חִיוּבִי
possess,לְהַחזִיק
possibility,אפשרות
possible,אפשרי
possibly,יִתָכֵן
post,הודעה
pot,סיר
potato,תפוח אדמה
potential,פוטנציאל
potentially,פוטנציאל
pound,לִירָה
pour,לִשְׁפּוֹך
poverty,עוני
powder,אֲבָקָה
power,כּוֹחַ
powerful,חָזָק
practical,מַעֲשִׂי
practice,תרגול
pray,לְהִתְפַּלֵל
prayer,תְפִלָה
precisely,בְּדִיוּק
predict,לנבא
prefer,לְהַעֲדִיף
preference,הַעֲדָפָה
pregnancy,הֵרָיוֹן
pregnant,בְּהֵרָיוֹן
preparation,הכנה
prepare,הכן
prescription,מִרשָׁם
presence,נוכחות
present,מתנה
presentation,הַצָגָה
preserve,לשמור
president,נָשִׂיא
presidential,נְשִׂיאוּתִי
press,ללחוץ
pressure,לַחַץ
pretend,להעמיד פנים
pretty,יפה
prevent,לִמְנוֹעַ
previous,קודם
previously,קוֹדֶם
price,מחיר
pride,גאווה
priest,כּוֹמֶר
primarily,בְּרֹאשׁ וּבְרִאשׁוֹנָה
primary,יְסוֹדִי
prime,רִאשׁוֹנִי
principal,קֶרֶן
principle,עִקָרוֹן
print,הדפס
prior,קוֹדֵם
priority,עדיפות
prison,בית סוהר
prisoner,אָסִיר
privacy,פְּרָטִיוּת
private,פְּרָטִי
probably,כנראה
problem,בְּעָיָה
procedure,תהליך
proceed,להמשיך
process,תהליך
produce,ליצר
producer,יַצרָן
product,מוצר
production,הפקה
profession,מִקצוֹעַ
professional,מקצועי
professor,פּרוֹפֶסוֹר
profile,פּרוֹפִיל
profit,רווח
program,תכנית
progress,התקדמות
project,פּרוֹיֶקט
prominent,בולט
promise,הַבטָחָה
promote,לקדם
prompt,מיידי
proof,הוכחה
proper,תָקִין
properly,כמו שצריך
property,תכונה
proportion,פּרוֹפּוֹרצִיָה
proposal,הצעה
propose,להציע
proposed,מוּצָע
prosecutor,תוֹבֵעַ
prospect,פרוספקט
protect,לְהַגֵן
protection,הֲגָנָה
protein,חֶלְבּוֹן
protest,למחות
proud,גאה
prove,לְהוֹכִיחַ
provide,לְסַפֵּק
provider,ספק
province,מָחוֹז
provision,אַספָּקָה
psychological,פְּסִיכוֹלוֹגִי
psychologist,פְּסִיכוֹלוֹג
psychology,פְּסִיכוֹלוֹגִיָה
public,פּוּמְבֵּי
publication,פרסום
publicly,בְּפוּמבֵּי
publish,לְפַרְסֵם
publisher,מוֹצִיא לָאוֹר
pull,מְשׁוֹך
punishment,עֲנִישָׁה
purchase,לִרְכּוֹשׁ
pure,טָהוֹר
purpose,מַטָרָה
pursue,לרדוף
push,לִדחוֹף
put,לָשִׂים
qualify,להעפיל
quality,איכות
quarter,רובע
quarterback,קוורטרבק
question,שְׁאֵלָה
quick,מָהִיר
quickly,בִּמְהִירוּת
quiet,שֶׁקֶט
quietly,בְּשֶׁקֶט
quit,לְהַפְסִיק
quite,דַי
quote,ציטוט
race,גזע
racial,גִזעִי
radical,קיצוני
radio,רָדִיוֹ
rail,רכבת
rain,גֶשֶׁם
raise,הַעֲלָאָה
range,טווח
rank,דַרגָה
rapid,מָהִיר
rapidly,מַהֵר
rare,נָדִיר
rarely,לעתים רחוקות
rate,ציון
rather,אלא
rating,דֵרוּג
ratio,יַחַס
raw,גלם
reach,לְהַגִיעַ
react,לְהָגִיב
reaction,תְגוּבָה
read,לקרוא
reader,קוֹרֵא
reading,קריאה
ready,מוּכָן
real,אמיתי
reality,מְצִיאוּת
realize,לִהַבִין
really,בֶּאֱמֶת
reason,סיבה
reasonable,סביר
recall,לִזכּוֹר
receive,לְקַבֵּל
recent,לאחרונה
recently,לאחרונה
recipe,מתכון
recognition,הַכָּרָה
recognize,לזהות
recommend,לְהַמלִיץ
recommendation,המלצה
record,תקליט
recording,הקלטה
recover,לְהַחלִים
recovery,התאוששות
recruit,לגיס
red,אָדוֹם
reduce,לְהַפחִית
reduction,צִמצוּם
refer,מתייחס
reference,התייחסות
reflect,משקף
reflection,הִשׁתַקְפוּת
reform,רֵפוֹרמָה
refugee,פָּלִיט
refuse,מסרב
regard,לְהִתְיַחֵס
regarding,לגבי
regardless,ללא קשר
regime,מִשׁטָר
region,אזור
regional,אֵזוֹרִי
register,הירשם
regular,רגיל
regularly,באופן קבוע
regulate,לְהַסדִיר
regulation,תַקָנָה
reinforce,לחזק
reject,לִדחוֹת
relate,לְסַפֵּר
relation,יַחַס
relationship,מערכת יחסים
relative,קרוב משפחה
relatively,יחסית
relax,לְהִרָגַע
release,לְשַׁחְרֵר
relevant,רלוונטי
relief,הֲקָלָה
religion,דָת
religious,דָתִי
rely,לִסְמוֹך
remain,לְהִשָׁאֵר
remaining,נוֹתָר
remarkable,ראוי לציון
remember,זכור
remind,לְהַזכִּיר
remote,מְרוּחָק
remove,לְהַסִיר
repeat,חזור
repeatedly,שוב ושוב
replace,החלף
reply,תשובה
report,להגיש תלונה
reporter,כַתָב
represent,לְיַצֵג
representation,יִצוּג
representative,נציג
Republican,רֶפּוּבּלִיקָנִי
reputation,תדמית
request,בַּקָשָׁה
require,לִדרוֹשׁ
requirement,דְרִישָׁה
research,מחקר
researcher,חוֹקֵר
resemble,לִדמוֹת
reservation,הזמנה
resident,תוֹשָׁב
resist,לְהִתְנַגֵד
resistance,הִתנַגְדוּת
resolution,פתרון הבעיה
resolve,לִפְתוֹר
resort,אתר נופש
resource,מַשׁאָב
respect,הערכה
respond,לְהָגִיב
respondent,משיב
response,תְגוּבָה
responsibility,אַחֲרָיוּת
responsible,אחראי
rest,מנוחה
restaurant,מִסעָדָה
restore,לשחזר
restriction,הַגבָּלָה
result,תוֹצָאָה
retain,לִשְׁמוֹר
retire,לִפְרוֹשׁ
retirement,פרישה לגמלאות
return,לַחֲזוֹר
reveal,לְגַלוֹת
revenue,הַכנָסָה
review,סקירה
revolution,מַהְפֵּכָה
rhythm,קֶצֶב
rice,אורז
rich,עָשִׁיר
rid,לְשַׁחְרֵר
ride,נסיעה
rifle,רובה
right,ימין
ring,טַבַּעַת
rise,לעלות
risk,לְהִסְתָכֵּן
river,נהר
road,כְּבִישׁ
rock,סלע
role,תַפְקִיד
roll,גָלִיל
romantic,רוֹמַנטִי
roof,גג
room,חֶדֶר
root,שורש
rope,חֶבֶל
rose,ורד
rough,מְחוּספָּס
roughly,בְּעֵרֶך
round,עָגוֹל
route,מַסלוּל
routine,שגרה
row,שׁוּרָה
rub,לשפשף
rule,כְּלָל
run,לָרוּץ
running,רץ
rural,כַּפרִי
rush,לְמַהֵר
Russian,רוּסִי
sacred,קָדוֹשׁ
sad,עָצוּב
safe,בטוח
safety,בְּטִיחוּת
sake,סאקה
salad,סלט
salary,שכר
sale,מְכִירָה
sales,מכירות
salt,מלח
same,אותו
sample,לִטעוֹם
sanction,סַנקצִיָה
sand,חוֹל
satellite,לוויין
satisfaction,שביעות רצון
satisfy,לְסַפֵּק
sauce,רוטב
save,לשמור
saving,חִסָכוֹן
say,אמר
scale,סוּלָם
scandal,סקנדל
scared,מפוחד
scenario,תַרחִישׁ
scene,סְצֵינָה
schedule,לוח זמנים
scheme,תָכְנִית
scholar,מְלוּמָד
scholarship,מילגה
school,בית ספר
science,מַדָע
scientific,מַדָעִי
scientist,מַדְעָן
scope,תְחוּם
score,ציון
scream,לִצְרוֹחַ
screen,מָסָך
script,תַסרִיט
sea,יָם
search,לחפש
season,עונה
seat,מושב
second,שְׁנִיָה
secret,סוֹד
secretary,מזכיר
section,סָעִיף
sector,מִגזָר
secure,לבטח
security,בִּטָחוֹן
see,לִרְאוֹת
seed,זֶרַע
seek,לְחַפֵּשׂ
seem,נראה
segment,מִגזָר
seize,לִתְפּוֹס
select,בחר
selection,בְּחִירָה
self,עצמי
sell,מכירה
Senate,סֵנָט
senator,סֵנָטוֹר
send,לִשְׁלוֹחַ
senior,בָּכִיר
sense,לָחוּשׁ
sensitive,רָגִישׁ
sentence,משפט
separate,נפרד
sequence,סדר פעולות
series,סִדרָה
serious,רְצִינִי
seriously,ברצינות
serve,לְשָׁרֵת
service,שֵׁרוּת
session,מוֹשָׁב
set,מַעֲרֶכֶת
setting,הגדרה
settle,לִשְׁקוֹעַ
settlement,הֶסדֵר
seven,שבע
several,כַּמָה
severe,חָמוּר
sex,מִין
sexual,מִינִי
shade,צֵל
shadow,צֵל
shake,לְנַעֵר
shall,יהיה
shape,צוּרָה
share,לַחֲלוֹק
sharp,חַד
she,היא
sheet,דַף
shelf,מַדָף
shell,צדף
shelter,מקלט
shift,מִשׁמֶרֶת
shine,זוהר
ship,ספינה
shirt,חוּלצָה
shit,לְחַרְבֵּן
shock,הֶלֶם
shoe,נַעַל
shoot,לירות
shooting,צילומים
shop,לִקְנוֹת
shopping,קניות
shore,חוף
short,קצר
shortly,בְּקָרוּב
shot,בְּעִיטָה
should,צריך
shoulder,כָּתֵף
shout,צעקה
show,הופעה
shower,מִקלַחַת
shrug,למשוך בכתף
shut,לִסְגוֹר
sick,חוֹלֶה
side,צַד
sigh,אֲנָחָה
sight,מראה
sign,סִימָן
signal,אוֹת
significance,מַשְׁמָעוּת
significant,משמעותי
significantly,באופן ניכר
silence,שתיקה
silent,שקט
silver,כסף
similar,דוֹמֶה
similarly,בדומה לכך
simple,פָּשׁוּט
simply,בפשטות
sin,חטא
since,מאז
sing,לָשִׁיר
singer,זמר
single,יחיד
sink,כִּיוֹר
sir,אֲדוֹנִי
sister,אָחוֹת
sit,לָשֶׁבֶת
site,אֲתַר
situation,מַצָב
six,שֵׁשׁ
size,גודל
ski,סקִי
skill,מְיוּמָנוּת
skin,עור
sky,שָׁמַיִם
slave,עֶבֶד
sleep,לִישׁוֹן
slice,פרוסה
slide,שקופית
slight,קָלוּשׁ
slightly,מְעַט
slip,פליטת פה
slow,לְהַאֵט
slowly,לאט
small,קָטָן
smart,לִכאוֹב
smell,רֵיחַ
smile,חיוך
smoke,עָשָׁן
smooth,חלק
snap,לְצַלֵם
snow,שֶׁלֶג
so,כך
so-called,מה שנקרא
soccer,כדורגל
social,חֶברָתִי
society,חֶברָה
soft,רַך
software,תוֹכנָה
soil,קרקע
solar,סוֹלָרִי
soldier,לוֹחֶם
solid,מוצק
solution,פִּתָרוֹן
solve,לִפְתוֹר
some,כמה
somebody,מִישֶׁהוּ
somehow,איכשהו
someone,מִישֶׁהוּ
something,משהו
sometimes,לִפְעָמִים
somewhat,במידה מסוימת
somewhere,אי שם
son,בֵּן
song,שִׁיר
soon,בקרוב
sophisticated,מתוחכם
sorry,מצטער
sort,סוג
soul,נֶפֶשׁ
sound,נשמע
soup,מרק
source,מָקוֹר
south,דָרוֹם
southern,דְרוֹמִי
Soviet,סובייטי
space,מֶרחָב
Spanish,ספרדית
speak,לְדַבֵּר
speaker,רַמקוֹל
special,מיוחד
specialist,מוּמחֶה
species,מִין
specific,ספֵּצִיפִי
specifically,באופן ספציפי
speech,נְאוּם
speed,מְהִירוּת
spend,לְבַלוֹת
spending,הוצאות
spin,סיבוב
spirit,רוּחַ
spiritual,רוחני
split,לְפַצֵל
spokesman,דוֹבֵר
sport,ספּוֹרט
spot,לְזַהוֹת
spread,התפשטות
spring,אביב
square,כיכר
squeeze,למחוץ
stability,יַצִיבוּת
stable,יַצִיב
staff,צוות
stage,שלב
stair,מדרגה
stake,לְהַמֵר
stand,לַעֲמוֹד
standard,תֶקֶן
standing,עוֹמֵד
star,כוכב
stare,לבהות
start,הַתחָלָה
state,מדינה
statement,הַצהָרָה
station,תַחֲנָה
statistics,סטָטִיסטִיקָה
status,סטָטוּס
stay,שָׁהוּת
steady,יַצִיב
steal,לִגנוֹב
steel,פְּלָדָה
step,שלב
stick,מקל
still,עוֹד
stir,לְרַגֵשׁ
stock,המניה
stomach,בֶּטֶן
stone,אֶבֶן
stop,תפסיק
storage,אִחסוּן
store,חנות
storm,סערה
story,כַּתָבָה
straight,יָשָׁר
strange,מוּזָר
stranger,זָר
strategic,אסטרטגי
strategy,אִסטרָטֶגִיָה
stream,זרם
street,רְחוֹב
strength,כוח
strengthen,לְחַזֵק
stress,לחץ
stretch,לִמְתוֹחַ
strike,לְהַכּוֹת
string,חוּט
strip,לְהִתְפַּשֵׁט
stroke,שבץ
strong,חָזָק
strongly,בְּתוֹקֶף
structure,מִבְנֶה
struggle,מַאֲבָק
student,סטוּדֶנט
studio,סטוּדִיוֹ
study,לימוד
stuff,דברים
stupid,מְטוּפָּשׁ
style,סִגְנוֹן
subject,נושא
submit,שלח
subsequent,לאחר מכן
substance,חומר
substantial,מַמָשִׁי
succeed,מצליח
success,הַצלָחָה
successful,מוּצלָח
successfully,בְּהַצלָחָה
such,כגון
sudden,פִּתְאוֹמִי
suddenly,פִּתְאוֹם
sue,לתבוע
suffer,סובל
sufficient,מַסְפִּיק
sugar,סוכר
suggest,לְהַצִיעַ
suggestion,הַצָעָה
suicide,הִתאַבְּדוּת
suit,חליפה
summer,קַיִץ
summit,פִּסגָה
sun,שמש
super,סוּפֶּר
supply,לְסַפֵּק
support,תמיכה
supporter,תוֹמֵך
suppose,לְהַנִיחַ
supposed,אמור
Supreme,עֶלִיוֹן
sure,בטוח
surely,בוודאות
surface,משטח
surgery,כִּירוּרגִיָה
surprise,הַפתָעָה
surprised,מוּפתָע
surprising,מַפתִיעַ
surprisingly,למרבה ההפתעה
surround,לְהַקִיף
survey,סֶקֶר
survival,הישרדות
survive,לִשְׂרוֹד
survivor,ניצול
suspect,חָשׁוּד
sustain,לִתְמוֹך
swear,לְקַלֵל
sweep,לְטַאטֵא
sweet,מתוק
swim,לשחות
swing,נַדְנֵדָה
switch,החלף
symbol,סֵמֶל
symptom,סימפטום
system,מערכת
table,שולחן
tablespoon,כַּף
tactic,טקטיקה
tail,זָנָב
take,לקחת
tale,מַעֲשִׂיָה
talent,כִּשָׁרוֹן
talk,דבר
tall,גובה
tank,טַנק
tap,בֶּרֶז
tape,סרט הדבקה
target,יַעַד
task,מְשִׁימָה
taste,טַעַם
tax,מַס
taxpayer,נישום
tea,תה
teach,לְלַמֵד
teacher,מוֹרֶה
teaching,הוֹרָאָה
team,קְבוּצָה
tear,דמעה
teaspoon,כַּפִּית
technical,טֶכנִי
technique,טֶכנִיקָה
technology,טֶכנוֹלוֹגִיָה
teen,נער
teenager,מִתבַּגֵר
telephone,טֵלֵפוֹן
telescope,טֵלֶסקוֹפּ
television,טֵלֶוִיזִיָה
tell,לאמר
temperature,טֶמפֶּרָטוּרָה
temporary,זמני
ten,עשר
tend,נוטה
tendency,מְגַמָה
tennis,טֶנִיס
tension,מתח
tent,אוֹהֶל
term,טווח
terms,תנאים
terrible,נורא
territory,שֶׁטַח
terror,טֵרוֹר
terrorism,טֵרוֹר
terrorist,מְחַבֵּל
test,מִבְחָן
testify,לְהַעִיד
testimony,עֵד
testing,בדיקה
text,טֶקסט
than,מאשר
thank,להודות
thanks,תודה
that,זֶה
the,ה
theater,תיאטרון
their,שֶׁלָהֶם
them,אוֹתָם
theme,נושא
themselves,עצמם
then,לאחר מכן
theory,תֵאוֹרִיָה
therapy,תֶרַפּיָה
there,שם
therefore,לָכֵן
these,אלה
they,הֵם
thick,עבה
thin,רזה
thing,דָבָר
think,לַחשׁוֹב
thinking,חושב
third,שְׁלִישִׁי
thirty,שְׁלוֹשִׁים
this,זֶה
those,הָהֵן
though,עם זאת
thought,מַחֲשָׁבָה
thousand,אלף
threat,אִיוּם
threaten,מאיים
three,שְׁלוֹשָׁה
throat,גרון
through,דרך
throughout,בְּמֶשֶך
throw,לזרוק
thus,לכן
ticket,כַּרְטִיס
tie,עניבה
tight,הדוק
time,זְמַן
tiny,זָעִיר
tip,עֵצָה
tire,צמיג
tired,עייף
tissue,רִקמָה
title,כותרת
to,ל
tobacco,טַבָּק
today,היום
toe,אֶצבַּע
together,יַחַד
tomato,עגבנייה
tomorrow,מָחָר
tone,טוֹן
tongue,לָשׁוֹן
tonight,היום בלילה
too,גַם
tool,כְּלִי
tooth,שן
top,חלק עליון
topic,נוֹשֵׂא
toss,לִזרוֹק
total,סך הכל
totally,לְגַמרֵי
touch,לגעת
tough,קָשֶׁה
tour,סיור
tourist,תייר
tournament,טורניר
toward,לקראת
towards,לִקרַאת
tower,מִגדָל
town,העיר
toy,צַעֲצוּעַ
trace,זֵכֶר
track,מַסלוּל
trade,סַחַר
tradition,מָסוֹרֶת
traditional,מָסוֹרתִי
traffic,תְנוּעָה
tragedy,טרגדיה
trail,שביל
train,רכבת
training,הַדְרָכָה
transfer,לְהַעֲבִיר
transform,שינוי צורה
transformation,טרנספורמציה
transition,מַעֲבָר
translate,לתרגם
transportation,הוֹבָלָה
travel,לִנְסוֹעַ
treat,טיפול
treatment,יַחַס
treaty,אֲמָנָה
tree,עֵץ
tremendous,עָצוּם
trend,מְגַמָה
trial,ניסוי
tribe,שֶׁבֶט
trick,טריק
trip,טיול
troop,גְדוּד
trouble,צרה
truck,מַשָׂאִית
TRUE,נָכוֹן
truly,בֶּאֱמֶת
trust,אמון
truth,אֶמֶת
try,לְנַסוֹת
tube,צינור
tunnel,מִנהָרָה
turn,תור
TV,טֵלֶוִיזִיָה
twelve,שתיים עשרה
twenty,עשרים
twice,פעמיים
twin,תְאוֹם
two,שתיים
type,סוּג
typical,טיפוסי
typically,בדרך כלל
ugly,מְכוֹעָר
ultimate,סופי
ultimately,בסופו של דבר
unable,לא מסוגל
uncle,דוֹד
under,תַחַת
undergo,לַעֲבוֹר
understand,מבין
understanding,הֲבָנָה
unfortunately,לצערי
uniform,מדים
union,הִתאַחֲדוּת
unique,ייחודי
unit,יחידה
United,מאוחד
universal,אוניברסלי
universe,עוֹלָם
university,אוּנִיבֶרְסִיטָה
unknown,לא ידוע
unless,אֶלָא אִם
unlike,בניגוד
unlikely,לא סביר
until,עד
unusual,בלתי שגרתי
up,לְמַעלָה
upon,עַל
upper,עֶלִיוֹן
urban,עִירוֹנִי
urge,דַחַף
us,לָנוּ
use,להשתמש
used,בשימוש
useful,מוֹעִיל
user,מִשׁתַמֵשׁ
usual,רָגִיל
usually,בְּדֶרֶך כְּלַל
utility,תוֹעֶלֶת
vacation,חוּפשָׁה
valley,עֶמֶק
valuable,בעל ערך
value,ערך
variable,מִשְׁתַנֶה
variation,וָרִיאַצִיָה
variety,מגוון
various,שׁוֹנִים
vary,לְהִשְׁתַנוֹת
vast,עָצוּם
vegetable,ירקות
vehicle,רכב
venture,מיזם
version,גִרְסָה
versus,נגד
very,מאוד
vessel,כְּלִי שַׁיִט
veteran,ותיק
via,באמצעות
victim,קורבן
victory,ניצחון
video,וִידֵאוֹ
view,נוף
viewer,צוֹפֶה
village,כְּפָר
violate,לְהָפֵר
violation,הֲפָרָה
violence,אַלִימוּת
violent,אַלִים
virtually,כִּמעַט
virtue,מַעֲלָה
virus,נגיף
visible,גלוי
vision,חָזוֹן
visit,לְבַקֵר
visitor,אורח
visual,חָזוּתִי
vital,חִיוּנִי
voice,קוֹל
volume,כרך
volunteer,לְהִתְנַדֵב
vote,הַצבָּעָה
voter,בּוֹחֵר
vs,לעומת
vulnerable,פָּגִיעַ
wage,שָׂכָר
wait,לַחֲכוֹת
wake,לְהִתְעוֹרֵר
walk,לָלֶכֶת
wall,קִיר
wander,לשוטט
want,רוצה
war,מִלחָמָה
warm,נעים
warn,לְהַזהִיר
warning,אַזהָרָה
wash,לִשְׁטוֹף
waste,בזבוז
watch,שעון
water,מים
wave,גַל
way,דֶרֶך
we,אָנוּ
weak,חלש
wealth,עוֹשֶׁר
wealthy,עָשִׁיר
weapon,נֶשֶׁק
wear,לִלבּוֹשׁ
weather,מזג אוויר
wedding,חֲתוּנָה
week,שָׁבוּעַ
weekend,סוף שבוע
weekly,שְׁבוּעִי
weigh,לשקול
weight,מִשׁקָל
welcome,ברוך הבא
welfare,סעד
well,נו
west,מַעֲרָב
western,מערבי
wet,רָטוֹב
what,מה
whatever,מה שתגיד
wheel,גַלגַל
when,מתי
whenever,בְּכָל פַּעַם
where,איפה
whereas,ואילו
whether,האם
which,איזה
while,בזמן
whisper,לַחַשׁ
white,לבן
who,WHO
whole,כֹּל
whom,מִי
whose,של מי
why,למה
wide,רָחָב
widely,במידה רבה
widespread,נָפוֹץ
wife,אשה
wild,פְּרָאִי
will,רָצוֹן
willing,מוּכָן
win,לנצח
wind,רוּחַ
window,חַלוֹן
wine,יַיִן
wing,אֲגַף
winner,זוֹכֵה
winter,חוֹרֶף
wipe,לנגב
wire,חוּט
wisdom,חוכמה
wise,חכם
wish,בַּקָשָׁה
with,עם
withdraw,לָסֶגֶת
within,בְּתוֹך
without,לְלֹא
witness,עֵד
woman,אִשָׁה
wonder,פֶּלֶא
wonderful,נִפלָא
wood,עץ
wooden,מעץ
word,מִלָה
work,עֲבוֹדָה
worker,עוֹבֵד
working,עובד
works,עובד
workshop,סדנה
world,עוֹלָם
worried,מוּדְאָג
worry,דאגה
worth,שִׁוּוּי
would,היה
wound,פֶּצַע
wrap,לַעֲטוֹף
write,לִכתוֹב
writer,סוֹפֵר
writing,כְּתִיבָה
wrong,לא בסדר
yard,חָצֵר
yeah,כֵּן
year,שָׁנָה
yell,לִצְעוֹק
yellow,צהוב
yes,כן
yesterday,אתמול
yet,עדיין
yield,תְשׁוּאָה
you,אתה
young,צָעִיר
your,שֶׁלְךָ
yours,שלך
yourself,עַצמְךָ
youth,נוֹעַר
zone,אֵזוֹר